{
  "timestamp": "20251003_122242",
  "model_files": {
    "Isolation Forest": "models/isolation_forest_model_20251003_122242.pkl",
    "One-Class SVM": "models/one-class_svm_model_20251003_122242.pkl"
  },
  "scaler_file": "models/feature_scaler_20251003_122242.pkl",
  "features_file": "models/feature_names_20251003_122242.json",
  "feature_names": [
    "contract_value",
    "duration_months",
    "value_zscore",
    "supplier_contract_count",
    "supplier_avg_value",
    "value_per_month",
    "high_value_flag",
    "single_bid_flag",
    "frequent_supplier_flag",
    "bid_count",
    "efficiency_ratio",
    "dept_contract_count"
  ],
  "best_model": "Isolation Forest",
  "model_performance": {
    "Isolation Forest": {
      "anomaly_rate": 0.058666666666666666,
      "total_anomalies": 88.0,
      "model_name": "Isolation Forest",
      "accuracy": 0.942,
      "precision": 0.4318181818181818,
      "recall": 0.5066666666666667,
      "f1_score": 0.4662576687116564,
      "roc_auc": 0.9057497076023392,
      "confusion_matrix": [
        [
          1375,
          50
        ],
        [
          37,
          38
        ]
      ]
    },
    "Local Outlier Factor": {
      "anomaly_rate": 0.05733333333333333,
      "total_anomalies": 86.0,
      "model_name": "Local Outlier Factor",
      "accuracy": 0.9313333333333333,
      "precision": 0.3372093023255814,
      "recall": 0.38666666666666666,
      "f1_score": 0.36024844720496896,
      "roc_auc": 0.7597754385964911,
      "confusion_matrix": [
        [
          1368,
          57
        ],
        [
          46,
          29
        ]
      ]
    },
    "One-Class SVM": {
      "anomaly_rate": 0.15733333333333333,
      "total_anomalies": 236.0,
      "model_name": "One-Class SVM",
      "accuracy": 0.85,
      "precision": 0.18220338983050846,
      "recall": 0.5733333333333334,
      "f1_score": 0.2765273311897106,
      "roc_auc": 0.7926362573099415,
      "confusion_matrix": [
        [
          1232,
          193
        ],
        [
          32,
          43
        ]
      ]
    }
  },
  "production_ready": true,
  "notes": "Models trained for GovAI Transparency Portal - Pakistan procurement fraud detection",
  "best_f1_score": 0.4662576687116564
}